model,accuracy
Dense,0.4706000089645386
CNN,0.6984999775886536
